no,Tgl_Iklan,url,harga,Kota,LT,LB,KT,KM,KTP,KMP,carport,garasi,listrik,surat,judul,deskripsi
1,05-04-2021,https://www.rumah123.com/properti/medan/hos8126236/,300000000,Medan,120,120,3,2,0,0,0,0,1300,SHM,Perumnas Helvetia,"Alamat perumnas helvetia gang kemuning 10


Ukuran 8x15

Kmar 3
Kmar mandi 2
Surat SHm
Harga 350 bisa nego"
2,05-04-2021,https://www.rumah123.com/properti/medan/hos8123867/,488000000,Medan,72,60,3,2,0,0,1,0,2200,SHM,Perumahan Cantik Modren Luckville New 2lantai Termurah,"STOCK TERBATAS HARGA HOT LOKASI STRATEGIS PINTU TOL MASUK TANJUNG MULIA

Perumahan Luckville New 2lantai Termurah*l
Jalan Veteran Sp Jl Amal
(Pas Samping Maju Bersama Krakatau)

LUCKVILLE NEW Tanpa Ribet Tanpa Bank Tanpa Bunga Tanpa Sita MEMBANTU ANDA MEMILIKI HUNIAN LAYAK Harga TERMURAH

Lokasi terdekat :

200 Meter dari Maju Bersama Krakatau
300 Meter dari Pajak Pagi Aluminium
500 Meter dari SPBU Krakatau Ujung
1 KM dari Tol Tj Mulia
Sekolah TK SD SMP SMA
Swalayan Kasimura
SPBU
RS mitra Medika
Dekat Kantor Lurah

Spesifikasi :
Type 60
2 Lantai
Tanah: 6x12m
3 Kamar Tidur
2 Kamar Mandi
Dapur
Carport
PLN 2.200 Watt
PDAM
SHM
Kotamadya Medan Deli

Harga : Rp 488.000.000,

Program Khusus

Cash Progress STB 6 Bulan Diskon 32%:
Rp 335.000.000
Cash Keras On Progres Rp. 370.000.000
Cash On Progres Rp. 380.000.000
Bayar saat Jadi Rp. 395.000.000

Minat hub:
Martin tarigan 08126995769
Instagram: @martinproperty8"
3,04-04-2021,https://www.rumah123.com/properti/medan/hos8121113/,1050000000,Medan,96,96,3,3,0,0,0,0,2200,SHM,Ready Stok Hunian Mewah,"PROMO TAHUN BARU BELI RUMAH GRATIS BIAYA*

*Ready stok*
*Tinggal bawa koper*

*Total 30 unit*
*Sisa 2 unit*

HUNIAN MEWAH
OCEAN SKY PARK
JLN MERPATI RINGROAD 20122
Medan

DESAIN MODERN MEWAH DI KOTA MEDAN

HUNIAN MEWAH 2 lantai

TYPE 115
Ukuran 6x16 m2
Kamar tidur 3
Kamar mandi 3
Shm
Harga 1.050.000.000

SHM/PBB/IMB
PDAN/PLN
SCURITY.
MASUK KOMPLEK MENGGUNAKAN KARTU
OTOMATIS.

*Promo gratis biaya*
Gratis AJB
Gratis BPHTB
Gratis bbn

Dengan Lokasi sangat strategis yaitu dekat ke :
Sekolah ternama AL-AMJAD.
STIKES FLORA
HOTEL SYARIAH GRAND
JAMMEE
HALTE BUS ACEH SEMPATI STAR
MANHATTAN/RCW
FOCAL POINT.DLL

Row komplek 9 meter

merupakan pilihan investasi terbaik anda

Info lanjut segera hubungi marketing kesayangan anda
call/wa
wa.me//6282274827652"
4,04-04-2021,https://www.rumah123.com/properti/medan/hos8120718/,302500000,Medan,82,82,3,1,0,0,0,0,1300,SHM,Perumahan seekocik,"Pilihan terbaik untuk para milenial NEW LAUNCHING Seekocik:

persembahan terbaru dari *SEEKOCIK* :

*THE TWINTY ONE*

Lokasi : jl MASJID / SUMARSONO HELVETIA

Rumah dengan lingkungan yang nyaman & lokasi strategis dekat dengan pintu toll

Total ada 8 unit :

BLOK 21A & 21B :
TYPE 60 ( 7 x 15 )
3 kamar tidur
1 kamar mandi
SHM
Imb
Air
Listrik 1300

Harga normal Rp. 650.000.000
Promo pembelian Cash keras *DISKON* 45%
*CUKUP BAYAR*
*Rp. 357.500.000*


BLOK 21C - 21H :
TYPE 45 ( 6 x 14 )
2 kamar tidur
1 kamar mandi
SHM
Imb
Air
Listrik 1300

Harga normal Rp. 550.000.000
Promo pembelian Cash keras *DISKON* 45%
*CUKUP BAYAR*
*Rp. 302.500.000*

Dekat pintu TOLL HELVETIA
Dekat Sekolah
Dekat masjid
Dekat Klinik
Dekat Minimarket
Dekat Supermarket
Dekat Rumah Sakit
Dekat pusat pasar tradisional

Dapatkan juga *PROMO* cicilan sd 60 bulan *TANPA BUNGA!!!!!!*"
5,04-04-2021,https://www.rumah123.com/properti/medan/hos8120647/,210000000,Medan,84,50,2,1,0,0,0,0,1300,SHM,termurah johor saat ini cash 210 juta,"Hub opi hp/wa 081370710493

Soft Launching
Segera di bangun NEW PROJECT di kawasan JOHOR.

The CLUSTER GDP JOHOR
Jl Sidodadi / Jl Tani Bersaudara.
Kawasan Johor, Sumatra Utara, Indonesia

*PROMO PEMBELIAN CASH TYPE ASOKA*
*HARGA 210 JUTA.*
*(Untuk 5 unit pembeli pertama)*

Spesifikasi Harga, dan Sistem Pembayaran.

Type Asoka
Uk Tanah 6x14
Type 40
Kamar Tidur 2
Kamar Mandi 1
Harga Rp 350.000.000
(Cicil developer tanpa bunga s/d 100 bulan)
*Promo CASH Harga 210 Juta (unit terbatas utk 4 unit pertama, serah terima 6 bulan)*
*Promo CASH Harga 164,5 Juta (unit terbatas utk 2 unit pertama, serah terima 24 bulan)*

Type Lavender
Uk Tanah 6x15
Type 55
Kamar Tidur 3
Kamar Mandi 1
Harga Rp 500.000.000
(Cicil developer tanpa bunga s/d 100 bulan)
*Promo CASH Harga 300 Juta (unit terbatas utk 4 unit pertama, serah terima 6 bulan)*
*Promo CASH Harga 235 Juta (unit terbatas utk 2 unit pertama, serah terima 24 bulan)*"
6,06-04-2021,https://www.rumah123.com/properti/medan/hos8128060/,250000000,Medan,50,90,2,1,0,0,0,0,1300,SHM,Perumahan nyaman dan Asri di Tembung,"Hunian segar,nyaman, tenteram dan harga termurah dikelasnya.

KOMPLEK NUSANTARA
pasar 9 Tembung

Type 50/90
uk.tanah 6 x 15 m
2 KT,1KM
Rp. 250 jt

Akses ke :
- batang kuis,bdr.setia,
laut dendang,KNIA
- pajak tradisional
Gambir,perkantoran,
sarana ibadah,sekolah

INFO & SURVEY HUB :
Call/Wa 0812 6352 155
Call 0852 6048 5511"
7,03-04-2021,https://www.rumah123.com/properti/medan/hos8119054/,660000000,Medan,108,140,3,3,0,0,0,0,2200,SHM,rumah 2 lantai dekat cemara asri medan cepat,"RUMAH READY STOCK
Hanya 660 Jt Gaesss

Hunian 2 lantai model kekinian

Lokasi Jl. Purwosari Krakatau bisa masuk dari Jl. Cemara

Lt. 6 x 18 mtr
Lb. Type 140
3 Kamar Tidur
3 Kamar Mandi
Lantai Granit

SHM
IMB
Air PDAM

Bisa Bantu KPR DP 10%

Akses strategis :
2 menit Gerbang TOL ANIF Cemara
1 menit ke Pajak Cemara
3 menit ke Jl. Bilal
4 menit ke Kampus UMSU Gelugur
5 menit ke Sekolah International PERTIWI"
8,03-04-2021,https://www.rumah123.com/properti/medan/hos8118974/,1200000000,Medan,135,135,2,1,0,0,0,0,2200,SHM,rumah baru mungil kece tasbi 1,"Hub opi hp/wa 081370710493

Lokasi : Tasbih 1
Luas tanah : 9x15
Luas Bangunan : 100m2
KM : 1
KT : 2
Harga 1.2 M (nego)
Surat SHM"
9,03-04-2021,https://www.rumah123.com/properti/medan/hos8118049/,395000000,Medan,45,66,2,1,0,0,0,0,1300,SHM,RUMAH TANJUNG SARI RINGROAD PASAR 1,"CLUSTER JANNATI REGENCY
Jl. Pasar 1, Ringroad Medan

Rumah Cantik dan Mewah di Ringroad - Setia budi

A1 dan A2
Type 140
Luas 5 x 20
Harga 950 jt
Cash 950 jt

A3, A4 dan A5
Type 45 -KT 2-Km 1
Luas 6 x 11
Harga 450 jt
Cash 400 jt

Lokasi Strategis :
Dekat ke Ringroad, Setiabudi, Sunggal, Gatsu
Dekat ke RCW, Manhattan, Carefour
Dekat ke sekolah dan kampus
SHM, IMB
Tinggi plafon 4 meter
_________________________
Kualitas DIJAMIN (buy back guaranty)
Pengerjaan RAPI
Desain Suka - Suka
Cara Bayar
KPR Bank
Cash Keras
Cash Bertahap 6 bulan
Bayar Saat Jadi"
10,02-04-2021,https://www.rumah123.com/properti/medan/hos8113218/,825000000,Medan,90,108,3,2,0,0,0,0,2200,SHM,rumah selangkah ke masjid pondok surya medan helvetia,"2 lantai
Kamar tidur
Kamar mandi
Lantai Granit uk 60 x 60
Taman
Carport keramik.
SHM

Sistem Bayar :
Cash Keras
Cash Bertahan
KPR Bank

GRATIS AC 1 PK dan TV LED 32""

Lokasi hanya 10 mnt dari titik NOL kota Medan
Kantor Pos / Lap Merdeka
Nyaman dihuni, mantap utk investasi
Selangkah ke Mesjid Umar Bin Khattab

Akses :
3 menit ke SPBU
3 menit ke RS Sufina Aziz
5 menit ke Millennium Plaza
10 menit ke Deli Park Mall"
11,02-04-2021,https://www.rumah123.com/properti/medan/hos8113139/,420000000,Medan,50,84,2,1,0,0,1,0,1300,SHM,rumah dekat dengan istana maimun lokasi strategis,"SPESIFIKASI :

SHM, IMB, PBB
2 Kamar tidur
1 Kamar mandi
R.tamu, R.keluarga, R.makan
Dapur
Listrik 2.200 watt (2 lantai)
Listrik 1300 watt (1 lantai)
Lantai granite 60x60
Taman
Carport
Air PDAM
Service area/laundry


5 menit ke rs estomi sm raja
5 menit ke pajak simp limun
5 menit ke jl besar sm raja
10 menit ke istana maimun
10 menit ke masjid raya
15 menit ke merdeka walk
16 menit ke mall podo moro
Dekat pusat pendidikan
Dekat pusat perbelanjaan
Dekat pusat perkantoran"
12,02-04-2021,https://www.rumah123.com/properti/medan/hos8113122/,700000000,Medan,84,100,3,3,0,0,1,0,2200,SHM,perumahan 2 lantai harga murah di pusat kota medan jl SM raja,"SPESIFIKASI :

SHM, IMB, PBB
3 Kamar tidur
3 Kamar mandi
R.tamu, R.keluarga, R.makan
Dapur
Listrik 2.200 watt (2 lantai)
Listrik 1300 watt (1 lantai)
Lantai granite 60x60
Taman
Carport
Air PDAM
Service area/laundry


5 menit ke rs estomi sm raja
5 menit ke pajak simp limun
5 menit ke jl besar sm raja
10 menit ke istana maimun
10 menit ke masjid raya
15 menit ke merdeka walk
16 menit ke mall podo moro
Dekat pusat pendidikan
Dekat pusat perbelanjaan
Dekat pusat perkantoran"
13,02-04-2021,https://www.rumah123.com/properti/medan/hos8113023/,450000000,Medan,60,60,3,1,0,0,1,0,1300,SHM,The Green Rajawali,"The Green Rajawali

Jl. Sunggal dekat dengan Ring Road.

Ukuran rumah 6 10 lt 1,lt 2 6x 5

3 kamar tidur,1 kmr mandi,1 dapur+ kitchenset.

Carport,taman kering depan

SHM, harga 450 jt net.
"
14,02-04-2021,https://www.rumah123.com/properti/medan/hos8112971/,1000000000,Medan,180,160,4,3,0,0,0,2,2200,SHM,mutiara asoka,"SHM

Lt ; 160m2

Lb ; 180m2

Rk , Rtv,R.cuci,dpr

Km ; 3

Kt ; 4

Taman kering

Grsasi 2 mbl

Fasilitas ;

Ac , Water heater, gorden

Hub

wa.me//6282274827652"
15,02-04-2021,https://www.rumah123.com/properti/medan/hos8111484/,425000000,Medan,50,78,2,1,0,0,0,0,1300,SHM,RUMAH MURAH NGUMBAN SURBAKTI BUNGA TEROMPET SETIA BUDI RINGROAD,"JANNATI GARDEN

Hunian Nyaman dan Strategis, Apa saja penjelasannya

Lihat point Point ini ya :
1. HARGA 425 JUTA saja
2. AREA RINGROAD SETIA BUDI
3. BISA DIBUAT 2 LANTAI DENGAN 3 KAMAR
4. LINGKUNGAN ELIT NYAMAN D AN ASRI
5. CUKUP JALAN KAKI KE MASJID
6. KAWASAN ELIT BISNIS RINGROAD NAMUN BERSUASANA DESA
7. COCOK UNTUK INVESTASI
8. DESIGN BISA SUKA SUKA
9. MUDAH KE USU, CARREFOUR AKSES ASPAL MULUS
19. BANYAK WISATA KULINER MALAM HARI
20. TYPE 50, 6x13

Strategis :
1. AREA PALING DIMINATI DENGAN KOTA ICON MEDAN YAITU :
PADANG BULAN
RINGROAD
SETIA BUDI
2. SEGALANYA DEKAT SPBU, ATM, ALFAMART, INDOMARET, MALL PUSAT PERBELANJAAN
3. DEKAT PIZZA HUT, MC DONALD
4. TINGGAL PILIH DEKAT SEMUA KAMPUS
UNIKA
USU
QUALITY

SHM, IMB OKE

Secepatnya Dibangun

ADA PILIHAN YANG LAIN PROYEK KAMI DI AREA SETIA BUDI RINGROAD SEGARA HUBUNGI MARKETING HOTLINE KAMI ya"
16,01-04-2021,https://www.rumah123.com/properti/medan/hos8111424/,695000000,Medan,105,190,3,2,0,0,0,0,2200,SHM,New Home Premiere Residence,"DIJUAL RUMAH LOKASI STRATEGIS MEDAN

Rumah 2,5 lantai dijual (SHM).

Alamat Premiere Residance Jl. Suka Tari

Sumatera Utara.

Luas tanah 105 M2

Luas Bangunan 190 M2

Ukuran lebar depan lebih kurang 7 meter,

Panjang 15 Meter.

Jarak Lantai dengan Plafon tinggi (4m).

Cocok untuk Usaha

Lantai full keramik sampai dinding kamar mandi

3 Kamar tidur dan 2 Kamar Mandi.

Listrik Tiken pasca bayar.

Lokasi tepatnya :

2 menit menuju Prime One School

Dekat Alfamart dan Restoran Minang Sederhana. Dekat dengan Kampus Kedokteran UISU, Dekat Mesjid.

Harga Rp 695 jt

minat :
wa.me//6282274827652"
17,01-04-2021,https://www.rumah123.com/properti/medan/hos8111336/,695000000,Medan,105,105,3,3,0,0,2,0,2200,SHM,Rumah Baru Murah,"Jual murah...

Rumah Baru.

Bangunan rumah 2,5 Lantai

3 kamar tidur dan 3 kamar mandi.

WC duduk dg dinding keramik.

Kamar utama ada kamar mandi.

Kicten Set + kompor tanam Modena

Car port bisa untuk 2 unit Mobil dan motor.

LT 6 x 17,5 m

SHM.

minat :
wa.me//6282274827652"
18,31-03-2021,https://www.rumah123.com/properti/medan/hos8106217/,750000000,Medan,120,120,5,2,0,0,0,0,1300,SHM,Rumah Jl. Karya Cilincing,"Dijual rumah

ukuran 17,5 X 16,5 surat
SHM.
Rumah induk kamar 5
Kamar mandi 2
Rumah kecil kmr tidur 2
Kamar mandi 1
Listrik 1300
Jln karya, medan barat

Harga 750 BISA NEGO

minat :
wa.me//6282274827652"
19,31-03-2021,https://www.rumah123.com/properti/medan/hos8105638/,600000000,Medan,396,396,3,2,0,0,0,0,1300,SHM,Rumah sei semayang,"Di jual Rumah Jl. sei Semayang

UK. 18 22
KT. 3
KM. 2
SHM

minat :
wa.me//6282274827652"
20,30-03-2021,https://www.rumah123.com/properti/medan/hos8100734/,330000000,Medan,77,45,2,1,0,0,1,0,1300,SHM,RUMAH JALAN BESAR JAMIN GINTING,"TOPAZ RESIDENCE

TOPAZ LAUCIH

Apa alasannya kok bagus beli rumah yang ini aja?

Ini alasannya :
1. SUDAH DI BANGUN SUDAH JELAS
2. DARI 74 SOLD OUT 50 LEBIH TERBUKTI
3. HARGA 310 JUTA DI KOTAMADYA
4. DI PINGGIR JALAN LINTAS JALAN RAYA BESAR JAMIN GINTING
5. TYPE 45, 6x12
6. RAMAI BISA UNTUK USAHA
7. PASTI AMAN ADA SECURITY
8. DI AREA KETINGGIAN ANTI BANJIR

AKSES STRATEGIS :
1. DEKAT WISATA HAIROS
2. DEKAT MASJID
3. DEKAT RS. ADAM MALIK
4. DEKAT PASAR INDUK
5. DEKAT BASARNAS
6. KE SETIA BUDI RINGROAD TINGGAL LURUS KE TIMUR
7. KE BARAT LURUS JALAN POROS KE BERASTAGI
8. DEKAT PUSAT PERBELANJAAN
9. BANYAK WISATA KULINER

SHM, IMB, PBB SIAP

1. KAMAR 2
2. KAMAR MANDI 1
3. RUANG TAMU
4. RUANG KELUARGA
5. RUANG TV
6. RUANG MAKAN
7. DAPUR OKE
8. LANTAI GRANIT 60X60
9. PLAFON TINGGI 4 M
10. TAMAN
11. CARPORT RABAT BETON

Segera Booking unitnya sebelum kehabisan ya bersama pengembang terpercaya.."
21,30-03-2021,https://www.rumah123.com/properti/medan/hos8095838/,700000000,Medan,78,100,2,1,0,0,0,0,2200,SHM,rumah baru 2 lantai ready 700 juta cash simpang limun,"https://maps.app.goo.gl/GfQAynD4HoKxKzuv8

*SUDAH DI BANGUN*

```Hunian Murah Berkualitas Di Medan Kota, Lokasi Strategis, Bebas Banjir, & Yang Pastinya Design Mewah Hunian Terbaik Keluarga.```

_*TOPAZ SIMPANG LIMUN*_
_Jl Kemiri II / Jl Tj Bunga III, Medan Kota_

EKSLUSIF HANYA 7 UNIT
EKSLUSIF HANYA 7 UNIT
_____________________________
*TYPE 100*
_*2 Lantai*_

```Uk 6 x 14 m```
```3 KT```
```3 KM```

HARGA NORMAL/KPR
*Rp750 Juta*

_PROMO CASH_
*Rp700 Juta*
KAVLING *A1 & A2*
_____________________________
*TYPE 50*
_*1 Lantai*_

```Uk 7 x 12 m```
```2 KT```
```1 KM```

_HARGA NORMAL/KPR_ *Rp450 Juta*

_PROMO CASH_
*Rp420 Juta*
KAVLING *B2*
_____________________________
SPESIFIKASI :

- SHM, IMB, PBB
- 2 Kamar tidur
- 1 Kamar mandi
- R.tamu, R.keluarga, R.makan
- Dapur
- Listrik 2.200 watt *(2 lantai)*
- Listrik 1300 watt *(1 lantai)*
- Lantai granite 60x60"
22,29-03-2021,https://www.rumah123.com/properti/medan/hos8093669/,750000000,Medan,70,120,3,2,0,0,0,0,2200,SHM,Perumahan Lavender,"Dijual rumah pribadi di komplek modern daerah ringroad (belakang Ringroad City Walk). Perumahan lavender no as.3 jl. Mangga - kecamatan Medan sunggal

- luas bangunan 120 m
- luas tanah 70 m
- 2 lantai
- sertifikat SHM
- 3 kamar tidur
- 2 kamar mandi
- kanopi
- pagar
- dapur
- cucian baju
- tidak banjir
- row jalan luas
- satpam 24 jam . Aman
- lokasi sangat strategis, dibelakang mall ringroad city walk

Harga : Rp.750 juta/ nego

Hub.
wa.me//6282274827652"
23,29-03-2021,https://www.rumah123.com/properti/medan/hos8092440/,3000000000,Medan,580,238,4,2,0,0,0,0,900,SHM,RUMAH DI KOMPLEK RISPA III JALAN KELAPA I MEDAN,"DAERAH JOHOR
KOMPLEK RISPA III
JALAN KELAPA I

LOKASI BANGUNAN : .
Rumah Tinggal strategis yang berada didaerah Johor
Banyak di lalui berbagai moda transportasi, sehingga akses mudah untuk di capai kemana saja .
Area bebas banjir .
AREA SEKITAR : .
8 menit ke Carrefour Citra Garden.
10 menit ke Prime One School.
10 menit ke Inpres Market Titi kuning.
11 menit ke Maju Bersama Katamso.
18 menit ke Ace Hardware Juanda.
18 menit ke Ringroad City Walks

SPESIFIKASI:
Luas Tanah : 20 x 29 m
Luas Bangunan : 14 x 17 m
1 Tingkat
Siap Huni
4 Kamar Tidur
2 Kamar Mandi
1 Line Telpon
Air PAM
Listrik 900 Watt
Hadap Barat
SHM

HARGA : Rp. 3.000.000.000, - / NEGO

CARA BAYAR : .
CASH .
KPR, dengan berbagai pilihan Bank

FOR INFO : 0811 600 1789"
24,29-03-2021,https://www.rumah123.com/properti/medan/hos8092370/,1400000000,Medan,150,200,4,4,0,0,0,0,0,SHM,RUMAH DI KOMPLEK ROYAL SUMATERA TYPE TOWN HOUSE BLOK C MEDAN,"KOMPLEK ROYAL SUMATERA
TYPE TOWN HOUSE BLOK C

Memiliki fasilitas Golf couse berstandart internasional serta dilengkapi dengan singapore international school
Memiliki Clubhouse dan restaurant, Citywalk comersial area dan sport center (coming soon)
Main gate langsung dari jalan protokol utama jamin ginting
Terletak di kawasan seluas 300 Ha dan merupakan satu-satunya perumahan di medan dengan area hijau +/-90 Ha
Lokasi jalan akses 2 arah dan mudah kemana saja
Area Sekitar :
Hanya 7 menit ke flyover jamin ginting
10 menit ke setia budi
Pembelian bisa melalui cash maupun KPR

SPESIFIKASI .
Luas Tanah : 10 x 15 m
Luas Bangunan : 8 x 10 m
2.5 Tingkat
Kondisi Kosong
4 Kamar Tidur
4 Kamar Mandi
Hadap Selatan
SHM

FASILITAS .
Scurity 24 jam
Area taman hijau
Area Golf berstandart internasional
Clubhouse
Restaurant
Citywalk comersial area
Singapore international school

HARGA : Rp. 1.400.000.000,- / NEGO"
25,29-03-2021,https://www.rumah123.com/properti/medan/hos8013824/,350000000,Medan,60,90,2,1,0,0,0,0,1300,SHM,"rumah ready ,cantik ,perabot lengket dan dpt bonun lainnya","READY....SIAP HUNI
LOKASI INTI KOTA.

DIJUAL RUMAH DLM KOMPLEK
GRIYA MARELAN 1
JLN.TITIPAPAN~ MEDAN MARELAN.
KOTA MEDAN
DEKAT SWALAYAN IRIAN,RS ESHMUN.

Benefit lain dekat ke :
Suzuya Marelan Plaza.
Mc.Donal's
RS Eshmun
Irian Swalayan.
King Kuphi
Toll Marelan.
Suzuya Marelan.
Bisa tembus ke jln Yos Sudarso.
Simpang Mabar.

Luas tanah 90 m2
Ukuran tanah 6x15 m2
Kamar tidur 2
K mandi 1
Teras
Canopy
Lantai Granite.
Ruang jemur.
Bebas banjir
SHM,PBB,IMB
PLN,PDAM.
Dapur,Ruang jemur
Scurity 24 jam
One Gate System.

Harga : Rp.350 juta.
Bisa KPR

Bonus perabot yg lengket
Spt kitchen set
BuffetTV
Lemari hias.
Stabilizer .
AC 1/2 PK.
Canopy,Pagar.
Hadap Utara."
26,29-03-2021,https://www.rumah123.com/properti/medan/hos8013824/,1200000000,Medan,162,117,4,3,0,0,0,0,2200,SHM,"rumah cantik,mewah,siap huni,daerah tjg sari","Rumah di jual (1,5 lantai).
Komp. Puri tanjungsari 1 medan.
Harga 1,2 M/nego tipis.
Surat SHM
Uk. Tanah : 9 X 18
Bangunan : 9 X 13
Lt. 1 terdiri dari :
Kmr tidur : 4
Kmr mandi : 3
Ruang tamu, ruang keluarga, dapur & ruang makan.
Lantai 2 terdiri dari :
Tempat gosok, tempat cuci & jemur."
27,28-03-2021,https://www.rumah123.com/properti/medan/hos8089777/,350000000,Medan,84,54,2,1,0,0,1,0,1300,SHM,Komplek Perumahan Megah Mewah Full Fasilitas di Simpang Selayang,"_*HARGA PROMO PRA-LAUNCHING KHUSU 22 UNIT SAJA (sisa 8 unit) : Rp. 350jt_*

Mau Punya Rumah di Komplek Elite dengan Row Jalan Komplek 12 meter & Full Fasilitas Komplek seperti Kolam Renang, Gedung Serbaguna, Playground, dll... Dengan Harga Murah & Lokasi yang sangat Strategis ???
Disini Tempatnya..

*""BUMI KENCANA RESIDENCE""*
Jl. Bunga Rinte, Simpang Selayang, Medan Tuntungan.

Link Maps Lokasi :
https://goo.gl/maps/X9MwHwMWckRrzipL8

*Dapatkan Harga PROMO Pra-Launching, Khusus 22 unit Pertama (Sisa 8 unit lagi).*

*_Cukup booking 1 Juta saja, sudah bisa amankan kavlingny & dapatkan harga Promo nya_*

_Benefit Komplek :_
-Luas Lahan 3 Hektar dg Total unit sebanyak 212 unit.

-Komplek Berada di Pinggir Jalan utama Jl. Bunga Rinte, medan selayang.

-dilalui Angkutan Umum (Angkot)

-Hanya 1 KM dari jl. Setia Budi (Simpang Selayang).

-Row Jalan utama Komplek 12 meter

-One Gate System security 24 jam.

-Jalan Komplek Cor beton

-Drainase/Parit tanam (parit tertutup)

-Fasum Kolam Renang, Gedung Serba Guna Kompl"
28,28-03-2021,https://www.rumah123.com/properti/medan/hos8089528/,275000000,Medan,96,45,2,1,0,0,0,0,1300,SHM,Perumahan sudah rame dekat Mushola pinggir jalan dekat Medan Johor,"Perumahan di pinggir jalan sudah rame yg huni

UK 8x12
Type 45
Harga 275 juta
2 kamar tidur
1 kamar mandi

Lokasi strategis
Dekat ke medan johor
Dekat ke titikuning
Dekat ke asrama haji
Dekat ke simpang pos

Cara bayar
Tunai dan Kredit

Untuk informasi lebih lanjut bisa hubungi saya via whatsapp atau telpon Terima kasih"
29,28-03-2021,https://www.rumah123.com/properti/medan/hos8089519/,775000000,Medan,72,85,2,1,0,0,0,0,2200,SHM,PERUMAHAN SIAP HUNI 2 LANTAI Di Ringroad Medan Mewah,"Perumahan strategis di Ringroad medan dekat ke Mall

Ukuran 6x12.
Type 85
2 kamar tidur
1 kamar mandi
Surat shm
Harga 775juta

Dekat ke Mall Manhattan
Dekat ke jln Gatot subroto
Dekat ke Mall RCW

Untuk informasi lebih lanjut bisa hubungi saya via whatsapp atau telpon Terima kasih"
30,27-03-2021,https://www.rumah123.com/properti/medan/hos8089031/,750000000,Medan,80,102,3,2,0,0,1,0,2200,SHM,rumah baru 2 lantai andalusia brigjend katamso baru,"Cari Rumah Sejuk,Nyaman,asri dan jauh dari kebisingan tetapi terletak di inti kota??

Kami adalah Jawaban dari Pencarian Anda
*GLOBAL KARYA GROUP MEMPERSEMBAHKAN*

*ANDALUSIA KATAMSO RESIDENCE*
Jl.Bridgen Katamso /Jl.Sepakat Sepakat Medan
*Tepat disamping SMP Swasta Pembangunan*

SPESIFIKASI
~ Blok A2 SD A4
~ BLOK A1 ( 8,5 X 12 )
~ TIPE CEVILA
~ TIPE 84/72
~ LT : 6 X 12
~ 3 Kamar Tidur,2 Kamar Mandi
~ 1 Ruang Tamu,1 Ruang Makan,
~ 1 Ruang Keluarga,Dapur,Tempat ~ ~ Cuci Jemur.
~ Carpot Mobil,Mini Garden,Balkon
~ Harga belum termasuk kelebihan tanah.

Tersedia Juga
BLOK B TIPE ASTONE
B5 SD B9
RUMAH INDENT
BISA REQUEST SESUAI KEINGINAN KONSUMEN

*SUDAH SOLD OUT*
A1,A4,B5 DAN B6

Fasilitas Komplek
Pos Security
One Gate Security Sestem
Sudah di tembok keliling
Row Jalan Vaping Blok
Lampu Penerangan

*Bonus Spesial FEBRUARI*
*Free* Pegangan Tangga
*Free* Ralling Balkon
*Free* Biay"
31,27-03-2021,https://www.rumah123.com/properti/medan/hos8087337/,1200000000,Medan,351,351,3,4,0,0,0,0,2200,SHM,komplek permai tanjung gusta,"Komplex Tanjung Permai Tanjung Gusta, Kota Medan, Sumatera Utara

Dijual satu unit Rumah Mewah dua lantai dengan 3 kamar tidur, 4 kamar mandi, Halaman dan Garasi Luas,Ukuran tanah 351M"" SHM, Rp 1,2Milyar dengan jarak Tiga menit dari pintu TOL helvetia dan tiga menit dari perkantoran lapas dan rutan, Akses jalan baik dan lancar,. Seluruh kusen menggunakan Kayu merbau dan dan Meranti kwalitas terbaik

minat :
wa.me//6282274827652"
32,27-03-2021,https://www.rumah123.com/properti/medan/hos8087337/,2200000000,Medan,200,250,4,3,0,0,0,0,0,SHM,Rumah mewah cantik dan nyaman di Tasbih 2 Medan,"Rumah mewah cantik dan nyaman
Alamat : Komp Tasbi 2 Blok 6 No. 14, Medan
Luas tanah 10 x 20 = 200 m2 (SHM)
Luas bangunan = 250 m2
Kamar tidur = 4
Kamar mandi = 3
Kitchen bar = 1
Gudang = 1
Harga = 2,2 M nego

Minat hub:
Martin tarigan 08126995769
Instagram; martinproperty8"
33,27-03-2021,https://www.rumah123.com/properti/medan/hos8086587/,925000000,Medan,282,180,6,4,2,1,0,0,1300,PPJB,Rumah murah dan strategis di jalan Pelajar daerah Teladan dekat Gedung Olahraga Teladan,"Dijual rumah second ditepi Jalan Pelajar ,Medan Teladan

Uk Tanah; 8.5 m x 33,2 m = 282.5 m2
Uk Bangunan : 180 m2
Kamar Tidur :6
Kamar Mandi :4
Surat SK Camat
- Ada KIOS uk 4 x10 didepan
- Dibelakang ada 2 rumah permanen dengan 2 kamar,.1 mandi
- Daerah strategis di tepi jalan pelajar
- Cocok buat Usaha Klinik, Bimbingan belajar, Rumah makan
-
Lokasi dekat :
1. Gedung Olah Raga (Sepok Bola) Teladan 4 Menit
2. Sekolah SMA Negeri 5 Medan - 4 Menit
3. Sekolah SMP Negeri 3 Medan - 4 Menit
4. Sekolah SMP Negeri 6 Medan - 4 Menit
5. RSU Bahagis - 5 Menit

Harga Rp. 925Juta (Bisa nego dikit)
Untuk informasi dan konsultasi juga bisa liat website
www.medanrumah.com :
Hub : Telp. HP/WA : 081264586699"
34,27-03-2021,https://www.rumah123.com/properti/medan/hos8086182/,385000000,Medan,60,60,2,2,0,0,0,0,2200,SHM,Perumahan Cantik Mewah dan Nyaman Salsabila Town House,"*Salsabila Town House*
Jln Stasiun Kampung Lalang
https://maps.app.goo.gl/b9ZDenRiKG9Qzu8E8


*Rumah minimalis 2 lantai dengan konsep townhouse, berada dilokasi strategis dekat pusat kota medan*


Dekat dengan gatot subroto 4 mnt
Dekat stasiun pinang baris 8 mnt
Dekat pasar kampung lalang 5 mnt
Dekat mesjid jarak 50m
Dekat mahatan mall 10 mnt
Dekat ring road 10 mnt
Dekat tol hevetia, tol semayang 12 mnt


SPEK
Ukuran tanah 6x10
Bangunan tipe 60
Bangunan 2 lt
Kamar tidur 2
Kamar mandi 2
Granite
Plafond tinggi 4m
Rangka baja
Atap seng metal
Bahan berkwalitas


*Hanya 4 unit, limited edition*
kami lounching
*Harga perdana 428juta*

*Harga cash per
1 april 2021
358 jt ( cash back 70jt)*"
35,27-03-2021,https://www.rumah123.com/properti/medan/hos8086032/,320000000,Medan,48,48,2,1,0,0,0,0,2200,SHM,Komplek Cantiik dan Nyaman JUANDA CITY,"*Komplek JUANDA CITY*
-Sedang Dibangun 10 unit Rumah *SIAP HUNI* Jl Katamso - Bunga *(INTI KOTA Medan)*
https://maps.app.goo.gl/H8RTvZmd9EnFBWiW8

*LOKASI STRATEGIS*
- 200 m dr Jl. Juanda
300m dr istana maimum
- 300 m dr Jl. S.M. Raja
- 600 m dr Jl. Pemuda

*TYPE RUMAH :*
LB : 4 x 12 mtr
Type 48 | Siap Huni
Row Depan : 7 mtr
Hadap : Selatan

*HARGA
Tunai keras 320 jt
Tunai bertahap 350 jt

*SPESIFIKASI :*
- Sertipikat Hak Milik
- Full Granit 60 x 60
- 2 unit K. Tidur
- 1 unit K. Mandi
- 1 unit Dapur
- 1 unit R. Tamu
- PLN 2200 Watt PDAM
- Kawasan Bebas Banjir

*Marketing Info :*
*martinptoperty8*
HP / WA : 08126995769"
36,26-03-2021,https://www.rumah123.com/properti/medan/hos8084820/,295000000,Medan,63,36,2,1,0,1,0,0,1300,SHM,"Rumah mewah dengan design terbaik hanya di, Cluster Taman Flamboyan","Cluster Taman Flamboyan
Alamat : Jl. Flamboyan Raya, Tanjung Selamat, Kec. Medan Tuntungan

Blok C2A
Type 36/63
Harga :
Bayar Saat Jadi : 350 jt
Cash Bertahap : 325 jt
Cash Keras : 295 jt

Spesifikasi :
Type 50
2 KT - 1 KM
Carport
Lantai semi Granit 60 x 60
Plafon Gypsum Tinggi 4 Meter
Listrik 1300 watt
Air Bersih

Lokasi Sangat Strategis :
- 1 Menit ke Pajak Melati
- 5 Menit ke Jalan Besar Ringroad
- 10 Menit ke USU dan Carefour Citra Garden
- 10 Menit RCW Mall
- 15 Menit Manhattan Square

Ayoo cek lokasi ya terus jangan sampai kehabisan, Karna Unit terbatasss

Info lebih lanjut segera hubungi Marketing anda sekarang juga
081260678861 ( Deasy Tanjung )"
37,26-03-2021,https://www.rumah123.com/properti/medan/hos8084774/,700000000,Medan,84,100,3,2,0,0,0,0,1300,SHM,RUMAH SIAP HUNI DI MEDAN 2 LANTAI MEWAH DEKAT STADIUM TELADAN,"Rumah 2 lantai siap huni lokasi strategis dekat ke simpang limun dekat ke stadion Teladan

3 km tidur
2 km mandi
Harga 700 juta cash
Harga 750 juta KPR
Surat SHM

Lokasi dekat Bahagia By pas

Untuk informasi lebih lanjut bisa hubungi saya via whatsapp atau telpon"
38,26-03-2021,https://www.rumah123.com/properti/medan/hos8084496/,900000000,Medan,130,100,3,2,0,0,0,0,2200,SHM,Rumah cantik dengan design terbaik hanya di Jannati Land,"Jannati Land
Lokasi : Jl. Pasar 1, Pribadi 4, Kec. Medan selayang

Tersesdia dengan Unit :
C4 dan C5
Type 100 - Uk. 130
3 KT - 2 KM
2 Lantai
Harga Cash : 900 jt
KPR : 950 jt


SHM dan IMB
Air PAM
Listrik 2200 watt


Lokasi Dekat dari :
- Dekat dari Ringroad, Setia Budi, Sunggal dan Gatsu
- Dekat dari RCW, Manhattan, Carefour, dan Brastagi Supermarket
- Dekat Sekolah dan Kampus Ternama

Ayoo buruan cek lokasi nya sekarang juga, karna unit terbatas, jangan sampai kehabisan

Untuk info lebih lanjut hubungi maketing nya sekarang juga
Deasy Tanjung : 081260678861"
39,26-03-2021,https://www.rumah123.com/properti/medan/hos8084673/,395000000,Medan,72,50,2,1,0,1,0,0,1300,SHM,"Rumah mewah dengan kualitas terbaik, hanya di Griya Pesona Bali","Griya Pesona Bali
Jln. Platina VII, Gg. Sekata, Marelan

Keunggulan Lokasi :
- Bersebelaha dengan Musholla Al - Ikhsan
- Depan RS. Eshmun
- Depan Kantor Lurah Tanah 600
- 1 Menit ke Mall Suzuya Marelan
- 2 Menit ke Irian Marelan
- 1 Menit ke Pasar Pagi
- 2 Menit ke Sekolah IT ALMUTADI
- Dekat ke TOL Medan Marelan

Tersedia dengan Unit :
Unit A1
Type 50 - uk. 6 x 12
Menghadap ke Jalan
Harga 395 jt

Unit B2, B3, dan B4
Type 50 - uk. 6 x 14
di dalam Komplek

2 KT - 1 KM
Listrik 1300
Air Bersih
SHM, IMB

Bonus :
- Canopy
- TV LCD 32 inchi
- Carport Keramik
- Taman

Discon 50 jt untuk CASH KERAS Unit Pertama

Ayoo cuss terus ke lokasi nya

info lebih lanjut hubungi marketing anda
Deasy Tanjung : 081260678861"
40,26-03-2021,https://www.rumah123.com/properti/medan/hos8084472/,690000000,Medan,80,80,3,2,0,0,0,0,2200,SHM,"Rumah mewah dengan kualitas terbaik, hanya di Jannati Village","Jannati VIllage
Lokasi : Jl. Pasar 1, Gg. Rambutan Kec. Medan Selayang

Tersedia dengan Unit :
A1 dan A3
Type 80 - Uk. 7 x 14
3 KT - 2 KM
Harga : 775 jt
Cash : 750 jt

A2
Type 80 - Uk. 6 x 14
3 KT - 2 KM
Harga : 750 jt
Cash : 700 jt

B1 sampai B12
Type 80 - Uk. 8 x 10
3 KT - 2 KM
Harga : 750 jt
Cash : 690 jt

SHM dan IMB
LIstrik 2200 watt
Air PAM

Cara Bayar Sangat Fleksibel :
KPR
Cash Keras
Cash Bertahap
Bayar saat jadi

Lokasi Strategis :
- Dekat dari Ringroad, Setia Budi, Sunggal Dan Gatsu
- Dekat dari RCW, Manhattan, Carefour dan Brastagi Supermarket
- Dekat Sekolah dan Kampus Ternama

Untuk Info dan Booking hubungi marketing nya sekarang
081260678861 ( Deasy Tanjung )"
41,29-03-2021,https://www.rumah123.com/properti/medan/hos6647293/,740000000,Medan,89,84,3,2,0,0,0,1,0,SHM,Rumah Murah Strategis di Medan Kota,"Berlokasi Strategis Di kawasan Setia Budi Medan

Sangat dekat dengan pusat pembelanjaan, wisata kuliner, sekolah dan universitas.

Mengusung konsep Aman, Bersih dan Indah menjadikan perumahan Mayfair salah satu yg terbaik di daerah sekitaran."
42,30-03-2021,https://www.rumah123.com/properti/medan/hos6638662/,1610000000,Medan,164,84,5,4,0,0,0,0,0,SHM,"Rumah Di Inti Kota Medan, Gaperta, Helvetia","Fasilitas di dalam Komplek: - Double Gate Security 24 Jam - Club House - Lapangan Basket - Indoor Swimming Pool - Children Playground - Fitness Station - Party Deck, Sunset Deck - BBQ Paviliun - Green Sanctuary - Flower Garden - High Quality Property Management"
43,05-04-2021,https://www.rumah123.com/properti/medan/hos7408569/,625000000,Medan,60,56,3,2,0,0,0,0,2200,SHM,RUKO DI JALAN KETAPANG DALAM,"DIJUAL RUKO DI JALAN KETAPANG DALAM
dengan luas tanah : 4X15 (60m2)
dan luas bangunan : 4X14 (56m2)
lokasi ruko dengan (2) tingkat dengan bangunan menghadap ke utara, dengan (3) kamar tidur dan (2) kamar mandi. ruko sudah di lengkapi dengan PAM,dan PLN (2200W) dengan kondisi siap huni.

lokasi strategis dan mudah dijangkau, lokasi dekat dengan beberapa fasilitas umum seperti sekolah dan kampus seperti UNPRI juga dekat dengan pusat perbelanjaan seperti Medan Fair dan Pasar petisah.
dapatkan rumah impian anda dengan harga Rp625.000.000 (nego)
Rp25.000.000 (sewa)
info lanjut / kunjungan lokasi - hubungi telp/WA 081265001988"""
44,29-03-2021,https://www.rumah123.com/properti/medan/hos6992108/,1696000000,Medan,135,200,5,5,1,0,0,0,0,SHM,Rumah Di menteng Indah Medan,"Berlokasi Di dalam komplek Halton Place

Jln Panglima Denai/Menteng 7 kompleks Grand Menteng Indah Cluster Halton Place

200m2 , LT 9 x 15 , 2Lt , 5KamarTidur , 5Kamar Mandi
Dengan Fasilitas :

Security Entrance System and CCTV 24hrs

Swimming Pool

Club House

Children Playground

Fitness Station

Party Deck, Sunset Deck, BBQ Paviliun

Green Sanctuary

Flower Garden

High Quality Property

Lokasi sangat dengan

* Sekolah Prime One School , Sutomo ,Methodist2

* Ace Hardware Katamso , Maju Bersama ,Suzuya Kampung Baru

* CHINA TOWN ASIA MEGA MAS , Thamrin Plaza

* 10 Menit ke Pintu Tol

* 15 Menit Ke Mesjid Raya
"
45,29-03-2021,https://www.rumah123.com/properti/medan/hos6784575/,320000000,Medan,72,36,2,1,0,0,0,1,0,HGB,Rumah Murah River Valley di medan daerah Johor Bebas Biaya KPR dan Pajak,"hunian yang berlokasi di River Valley Residence

Cluster Dalton Park
Jl. Bunga Rampe 4 / Sejohor Baru - Simalingkar B
Harga : 320 Juta
Termasuk Pajak BPHTB dan Bebas Biaya KPR*
Uk. Tanah 6 x 12
Bangunan 36m2
2 kamar, 1 kmandi, 1 Dapur, 1 Carport
*Kamar Utama ( konsep mezanin / ceiling atas lbh tinggi)
- Instalasi Air Listrik- SHGB- Siap Huni
Fasilitas :
- Double Gate/Double security- Penghijauan- Row jalan yang Luas- Ceiling Plafon Tinggi
Lokasi Strategis :
- Perencanaan Ringroad 2- Perencanaan USU 2- Sekolah Al-Azhar- Sekolah Anugerah Sinagoge- RS. Adam Malik - Tempat Wisata Medan Zoo- Kuliner Setia Budi Ringroad
"
46,24-03-2021,https://www.rumah123.com/properti/medan/hos8061934/,250000000,Medan,70,45,2,1,0,0,0,0,1300,SHM,Perumahan Strategis dekat UNIMED dan Medan Tembung,"Perumahan strategis di tembung pasar 9 pinggir jalan dari pada Ngontrak mending beli rumah
Rumah siap huni lokasi sudah padat penduduk sudah rame, dekat ke sekolah sekolah ( SD, smp, sma)
Dekat ke pasar tradisional ( pajak gambir) dekat ke tempat Ibadah Mesjid dan Gereja
Perumahan berlokasi di Tembung pasar 9 jalan mesjid dekat simpang jodoh

Lokasi strategis
Dekat ke Unimed
Dekat ke Medan Tembung
Dekat ke Aksara
Dekat ke jln Letda Sujono

Cara bayar
Tunai
Kredit Bank (KPR)
Harga 250 juta Gratis semua biaya
Untuk informasi dan cek lokasi bisa hubungi saya via whatsapp atau telpon"
47,02-04-2021,https://www.rumah123.com/properti/medan/hos8111550/,326000000,Medan,84,45,2,1,0,0,0,0,1300,SHM,perumahan murah dibawah harga pasaran deket setia budi medan,"lokasi sangat dekat dengan universitas sumatra utara
dekat dengan pajak melati
dekat akses jalan besar setia budi, ringroad Dan asam kumbang
dalam komplek Ada masjid
security 24 jam

harga terbaik hunian terbaik di kelasnya jgn tunggu lama lagi unit harga 326jt sisa 1 unit lagi"
48,19-03-2021,https://www.rumah123.com/properti/medan/hos8040204/,3400000000,Medan,900,600,6,7,1,1,0,0,2200,SHM,Rumah Mewah Medan Johor beserta seluruh isi,"RUMAH DAERAH MEDAN JOHOR
SHM , LT. 30 x 29,5 m.
SIAP HUNI FULL FURNITURE.
(Dijual beserta Seluruh isinya)
6 KT
7 KM
Listrik 2200v
Lingkungan ramah BEBAS BANJIR aman dengan pos jaga siang malam, jalan aspal mulus muat 2 mobil, sebelah rumah ada gor badminton,halaman rumah luas,bisa buat kolam renang di belakang, dekat dengan pasar (pajak), mesjid, asrama haji, diklat keuangan dll.. Pokoknya puas
Akses ke pusat Kota 20 menit
Ke asrama haji 10 menit
Ke bandara 45 menit
Harga 3,5 M beserta Isinya NEGO sampa jadi.

Minat hub :
Hp. 0853-6199-6109
Link WA. https://bit.ly/3jwMAcO"
49,09-04-2021,https://www.rumah123.com/properti/medan/hos7411780/,745000000,Medan,95,100,3,2,0,0,0,0,1300,SHM,RUKO 2 LANTAI SIAP HUNI PINGGIR JALAN MEDAN DENAI,"Ruko pinggir jalan siap huni jual murah sudah di renovasi

Ruko 2 lantai 3 km tidur 2 km mandi
Harga 745 juta
Surat Shm
Lokasi di Medan Denai jalan swadaya

Untuk informasi lebih lanjut bisa hubungi saya via whatsapp atau telpon Terima kasih"
50,09-10-2020,https://www.rumah123.com/properti/medan/hos7411780/,975000000,Medan,48,144,2,3,0,0,0,0,2200,SHM,Rumah Baru Siap Huni,"TOWN HOUSE MEDAN VILLE
JALAN BESAR TUASAN

SPESIFIKASI :

LT 412 M
LB 144 M2
3 TINGKAT
SIAP HUNI , FULL KERAMIK
RUMAH MASI BARU BELUM PERNA DI HUNI
2 KAMAR TIDUR
3 KAMAR MANDI
SHM
PLN 2.200 WATT
HADAP BARAT

HARGA JUAL Rp. 975 JUTA / NEGO


Bangunan ready
Jalan menuju Komplek sangat strategis
Sangat cocok dijadikan tempat tinggal
Komplek sangat aman
Akses sangat dekat kemana saja
Security 24 jam"
51,09-04-2021,https://www.rumah123.com/properti/medan/hos8144666/,775000000,Medan,90,70,0,0,0,0,0,0,2200,SHM,rumah 2 lantai terbaru model terbaru Eropa clasic depan manhatan,"*GRIYA MANHATTAN PARK*
Jl. Gelatik Ring Road Medan
http://bit.ly/MapsGriyaManhattanPark

_PERUMAHAN DI LOKASI STRATEGIS DI DEPAN MANHATTAN MALL_
""1 langkah"" ke mall
""1 langkah"" ke sekolah ternama di medan
""2 langkah"" ke rumah sakit
""2 langkah"" ke pasar tradisional

_DI DESAIN KHUSUS MENAMPILKAN KESERASIAN BENTUK DEPAN RUMAH DENGAN KESERAGAMAN PAGAR & CANOPY_
*GRATIS PAGAR DEPAN*
*GRATIS GERBANG DEPAN*
*GRATIS CANOPY CARPORT*
*GRATIS DOUBLE DINDING*

Rumah Rasa Apartment hanya di _GRIYA MANHATTAN PARK_

*_Bayangkan Bangun Tidur.... Buka Pintu Langsung ke Mall Manhattan_*

Lokasi Super Premium diapit Dua Jalan Lintas Utama di Kota Medan...

Cuma beberapa Langkah saja ke *_Jalan Besar Ring Road dan Jalan Besar Gatot Subroto_*

1 menit ke Manhattan Mall
2 menit ke PRSU medan
5 menit Ke Rs Hermina Medan
5 menit ke Pajak Sei kambing
5 menit ke Panca Budi

Sangat cocok untuk tempat tinggal Dan Investasi Bagi anda yang Mengin"
52,09-04-2021,https://www.rumah123.com/properti/medan/hos8144639/,625000000,Medan,90,50,2,1,0,0,0,0,1300,SHM,rumah terbaru depan manhatan mall,"*GRIYA MANHATTAN PARK*
Jl. Gelatik Ring Road Medan
http://bit.ly/MapsGriyaManhattanPark

_PERUMAHAN DI LOKASI STRATEGIS DI DEPAN MANHATTAN MALL_
""1 langkah"" ke mall
""1 langkah"" ke sekolah ternama di medan
""2 langkah"" ke rumah sakit
""2 langkah"" ke pasar tradisional
"
53,11-12-2020,https://www.rumah123.com/properti/medan/hos7657523/,385000000,Medan,87,50,2,1,0,0,1,0,0,SHM,Hunian terbaik CRYSTAL EKASUKA JOHOR kota medan,"Jual Cash/cash beratahap CRYSTAL EKASUKA JOHOR kota medan
JL Eka Suka 11 Johor Medan

Segera dibangun 5 unit rumah type 50 dengan model kekinian yg dijamin keren.

Type 50
Uk tanah 6 x 14,5m
Kamar Tidur 2
Kamar Mandi 1
Lantai Granit 60 x 60
Plafond 4 m

Harga Rp 385.000.000,-

PROMO CASH NOVEMBER - DESEMBER 2020 :
Rp 325. 000.000,-

Sistem pembayaran :
- Cash- Cash Bertahap

Akses dekat ke :
- 3 menit ke Wisata Mercy
- 5 menit ke SPBU
- 15 menit ke Ringroad City Walk
- 15 menit ke USU

Tunggu apa lagi.. Yuk, segera dibeli..
Hub wa /tlp ke 085275046665 08116544681"
54,14-12-2020,https://www.rumah123.com/properti/medan/hos7666589/,390000000,Medan,90,50,2,1,0,0,1,0,1300,SHM,ARTA CEMARA REGENCY Rumah baru di kawasan elit cemara,"RUMAH KEKINIAN DI KAWASAN ELIT ..
Jln Cemara - Jambu medan timur sumatera utara

Penawaran terbaik dari
ARTA CEMARA REGENCY
Rumah baru di kawasan elit cemara ..."
55,15-03-2021,https://www.rumah123.com/properti/medan/hos8036068/,365000000,Medan,88,50,2,1,0,0,0,0,1300,SHM,SIAP HUNI DI JALAN KRAKATAU MURAH CICILAN RENDAH BEBAS PILIH BANK MANA UNTUK PENGAJUAN KPR NYA,"GRAHA TANJUNG MULIA
Perumahan Graha Tanjung Mulia
Jl. Kawat VII - Tanjung Mulia
tersedia
Type 50
Uk tanah 8 x 11
1 lantai
2kmr tidur
1 Lamar mandi
Harga Rp 365 juta"
56,11-02-2021,https://www.rumah123.com/properti/medan/hos7901127/,3250000000,Medan,120,80,0,0,0,0,0,0,0,SHM,"Rumah siap huni , Lux","DIJUAL VILLA CEMARA ASRI
JL. FRESSIA

SPESIFIKASI :
UKURAN 815 M
2,5 TINGKAT
SIAP HUNI
SHM
HADAP UTARA
HARGA JUAL Rp. 3,25 M / NEGO"
57,04-11-2020,https://www.rumah123.com/properti/medan/hos7510788/,4580000000,Medan,156,120,0,0,0,0,0,0,0,SHM,"Rumah Baru kondisi siap huni , full furnish","DIJUAL RUMAH BARU
CEMARA ASRI - JALAN AZALEA 4
SPESIFIKASI :

UK 8 19,5 M
BANGUNAN 815 M
2 1/2 TINGKAT
SIAP HUNI
LUX
FULL FURNISH
HADAP UTARA
HARGA JUAL Rp. 4,580 M / NEGO"
58,07-12-2020,https://www.rumah123.com/properti/medan/hos7642529/,335000000,Medan,66,45,2,1,0,0,0,0,1300,SHM,BERADA DI DEKAT KAWASAN KIM RUMAH INI SIAP UNTUK DI TEMPATI DENGAN HARGA 300 JUTAAN,"GRAHA TANJUNG MULIA
Perumahan Graha Tanjung Mulia
Jl. Kawat VII - Tanjung Mulia
tersedia
Type 45
Uk tanah 6 x 11
1 lantai
2kmr tidur
1 Lamar mandi
Harga Rp 335JT
kpan lagi ada rumah di sekitaran brayan dekat dengantol tanjung mulia dan dekat dengan maju bersama dekat ke cemara
bonus ac 1 unit"
59,31-03-2021,https://www.rumah123.com/properti/medan/hos8103364/,688000000,Medan,84,168,3,2,0,0,0,0,0,PPJB,Rumah Komplek The Raztan Palace Medan -R-0311,"Dijual Rumah Komplek The Raztan Palace Medan
Jl. Bangau 2, Sei Sikambing B,Medan
LT : 6x14 (84) m2
LB : 168 m2
KT : 3
KM : 2
2 Lantai
Harga Jual : 688 Juta"
60,02-04-2021,https://www.rumah123.com/properti/medan/hos8113122/,700000000,Medan,84,100,3,3,0,0,1,0,2200,SHM,perumahan 2 lantai harga murah di pusat kota medan jl SM raja,"SPESIFIKASI :

SHM, IMB, PBB
3 Kamar tidur
3 Kamar mandi
R.tamu, R.keluarga, R.makan
Dapur
Listrik 2.200 watt (2 lantai)
Lantai granite 60x60
Taman
Carport
Air PDAM
Service area/laundry"
61,10-04-2021,https://www.rumah123.com/properti/medan/hos8149920/,2650000000,Medan,300,200,4,5,0,0,0,0,3300,SHM,rumah asri luas murah blok tunggal tasbi,"Hub opi hp/wa 081370710493

Dijual Rumah :
Komplek Tasbi 1 Blok Tunggal depan
1.5 lantai
LT 12 x 25 SHM
300m2
KT 4 KM 5
Harga : 2,650,000,000 nego
Shm"
62,10-04-2021,https://www.rumah123.com/properti/medan/hos8150847/,520000000,Medan,132,65,3,2,0,0,0,0,1300,SHM,Kawasan Nyaman Hunian Baru Jl Bromo Desaign Mewah Bangunan Ready pinggir jalan,"CASH PROMO 520JT PERUNIT
Dibangun Hanya 2 Unit Rumah Klasik Desain Minimalis Mewah di Tengah Kota Medan
Jln. Bromo Lr. Syarif Medan Area
Hubungi : WIWI 08126409793

SPESIFIKASI
Type 60
Luas tanah 132m2
3 Kamar Tidur
2 Kamar Mandi
Air PDAM
Listrik 1300WATT
Lantai Granit

Akses Jalan Strategis
* Rumah Sakit madani
* Irian Supermarket
* Sekolah An Nizam
* Dinas Pertanian Kelautan
* Kampus Politeknik Teknologi Kimia Industri (PTKI)
* Kampus UMSU S2
* Terminal Amplas
* Pajak Sukaramai"
63,09-02-2021,https://www.rumah123.com/properti/medan/hos8149744/,1400000000,Medan,372,209,5,4,0,0,0,0,0,SHM,rumah cantik luas luas classic perumahan di eka rasmi,"Hub opi hp/wa 081370710493

DI JUAL RUMAH DI PERUMAHAN SEKITAR EKA RASMI MEDAN JOHOR

Kamar Tidur : 5
Kamar Mandi : 4
Dapur
Teras Depan dan Samping Rumah
Teras bisa 3 Mobil
SHM

Luas tanah 372.00 m2
Luas bangunan 209.00 m2

HARGA : 1.4 M"
64,09-04-2021,https://www.rumah123.com/properti/medan/hos8149385/,850000000,Medan,108,115,3,3,0,0,0,0,2200,SHM,rumah cantik dan mewah di johor. harga murah dengan 3 kamar,"Bayar cash bisa cepat Pindah Rumah Baru..
Ready Stock


Jl Eka Suka 8 - Jl Eka Rasmi
Medan Johor

Perumahan the Baity Heaven

Type Adnan (2 Lantai)
Uk: 7x15

Spesifikasi;
3 Kamar Tidur
3 Kamar Mandi
Listrik 2200 Watt
Air Sumur Bor
Lantai Granit
Canopy Cor
One Gate System
Sudah ada yg Huni

Harga Cash: 850,000,000

Lokasi dekat Dengan:
- Asrama Haji
- - Swalayan Diamond
- dilalui jalan masuk 3 Akses (Jl Eka Rasmi, Jl Karya Sehati dan Jl Karya Darma)
- - Pusat Kuliner J City
- Kolam Renang dan Objek Wisata Merci
- - Pusat Pasar dan Pajak Tradisional
- RS Mitra Sejati
- - KFC Titi Kuning
- Balai Diklat Keuangan"
65,09-04-2021,https://www.rumah123.com/properti/medan/hos8147348/,670000000,Medan,84,128,3,2,0,0,0,0,1300,SHM,RUMAH JALAN DUYUNG,"DIJUAL RUMAH DI JALAN DUYUNG

Harga Jual: Rp670,000,000 nego

Spesifikasi:
3KT 2KM 2Lantai
Luas tanah : 84m2 (4m x 21m)
Luas bangunan : 128m2 (4m x 16m)
PAM: Ada
PLN: Ada
Sertifikat: SHM
Kondisi: SIAP HUNI
Hadap: BARAT

Lokasi rumah berada di jalan Duyung bisa diakses dari Jalan Wahidin, Dimana lokasi rumah dekat Pusat Kuliner Asia Mega Mas dan Pajak Beruang. Lokasi rumah ini juga dekat dengan Thamrin Plaza dan Kasimura Supermarket.
Rumah ini cocok dijadikan tempat tinggal."
66,10-04-2021,https://www.rumah123.com/properti/medan/hos8151120/,395000000,Medan,72,45,2,1,0,0,0,0,1300,SHM,Hunian Nyaman Bangunan Ready Dalam Komplek Desaign Bali Klasik Free Kichen set,"MUTIARA JERMAL RESIDENCE
Jln. Jermal -Jalan Jermal IV
https://maps.app.goo.gl/MyLoHSXNCxk5j7Js5
Hubungi saya segera : YULI 085260022103.

Blok A4
Type 45
LT 6 x 12
2KT, 1KM
Harga 395jt

Akses Strategis Banget :
* Rumah Sakit madani
* Irian Supermarket
* Sekolah An Nizam
* Dinas Pertanian Kelautan
* Kampus Politeknik Teknologi Kimia Industri (PTKI)
* Kampus UMSU S2
* Terminal Amplas
* Pajak Sukaramai"
67,10-04-2021,https://www.rumah123.com/properti/medan/hos8151004/,285000000,Medan,90,50,2,1,0,0,0,0,1300,SHM,Bangunan Ready Pinggir Jalan Kawasan tembung pasar 10 Desaign Minimalis Klasik,"KHALIFAH RESIDENCE
Jl. Rel Bandar Khalifa / Jl. Bustaman
https://goo.gl/maps/H4VNN7seKo4Ltd6e9
Hubungi : WIWI 08126409793
CHAS PROMO 285 JUTA kav B3 B4

Miliki Hunian Mewah di Tembung City
TYPE 50
4unit
Ukuran 6 x 15
Kamar tidur 2
Kamar mandi 1

Dengan Lokasi sangat strategis yaitu dekat ke :
Simpang Jodoh
RS citra medika
bandara kuala namu
tembung city
Super market Irian"
68,09-04-2021,https://www.rumah123.com/properti/medan/hos8147336/,7500000000,Medan,374,275,6,7,0,0,0,0,5500,SHM,Villa Mewah Inti Kota,"Dijual Villa Mewah Inti kota Jl. Pekan baru
Dekat Jalan asia / Thamrin / wahidin



SPESIFIKASI :

Luas Tanah uk 1133 m
Luas bangunan uk 1125 m
3 lantai
Siap huni
Full perabot
Kamar Tidur 6
Kamar mandi 7
Shm
Hadap Timur

- Garasi Kapasitas 2 Mobil
- Halaman Depan Kapasitas 4 mobil
- Halaman belakang Taman & Kolam ikan
- Listrik 5500 watt
- Solar hart 800 liter
- Tangki Air 6000 Liter



HARGA JUAL Rp. 7,5 M / NEGO SAMPAI JADI

____________________________

Hub Limsproperty
081 2600 9806 / Wa

Follow us on ig :

@limsproperty_complete
@limsproperty_under1m
@limsproperty_sewa
@limsproperty_gudang

Terima Titipan Jasa Jual - Beli - Sewa Property Anda

#rumahdijualmedan#rukodijualmedan#jualrumahmedan#jualrukomedan#jualvillamedan#villamedan#rukomedan#villadijualmedan#cemaraasri#ruko#rumah#propertyterbaik#agentproperty#jualproperty#sewaproperty#propertyindonesia #ru"
69,09-04-2021,https://www.rumah123.com/properti/medan/hos8146743/,600000000,Medan,70,70,3,2,0,0,0,0,2200,SHM,komplek Golden Gaperta,"DIJUAL :
Rumah Komplek Golden Gaperta. Jl. Bhakti Gaperta

Uk. Tanah 5 x 14
Type 80
3 KT
2 KM
PLN 2200
PDAM
Harga 600 Jt Nego

*FREE AJB BBN + PAJAK*

Info.
wa.me//6282274827652"
70,09-04-2021,https://www.rumah123.com/properti/medan/hos8146360/,520000000,Medan,132,132,3,2,0,0,0,0,1300,SHM,Rumah Nyaman Hunian Mewah Dijalan Bromo Dekat Stadion Teladan,"CASH PROMO 520JT PERUNIT
Dibangun Hanya 2 Unit Rumah Klasik Desain Minimalis Mewah di Tengah Kota Medan
Jln. Bromo Lr. Syarif Medan Area
Hubungi : YULI 085260022103

SPESIFIKASI
Type 60
Luas tanah 132m2
3 Kamar Tidur
2 Kamar Mandi
Air PDAM
Listrik 1300WATT
Lantai Granit

Akses Jalan Strategis
* Rumah Sakit madani
* Irian Supermarket
* Sekolah An Nizam
* Dinas Pertanian Kelautan
* Kampus Politeknik Teknologi Kimia Industri (PTKI)
* Kampus UMSU S2
* Terminal Amplas
* Pajak Sukaramai"
71,09-04-2021,https://www.rumah123.com/properti/medan/hos7140056/,1550000000,Medan,96,64,3,2,0,0,0,0,2200,SHM,RUMAH MEWAH HARGA MURAH KOMPLEK HABITAT - RINGROAD,"Rumah ini berada di dalam komplek Habitat Jl. Tapian Nauli pasar III Ringroad - Medan. Merupakan bangunan primary (belum pernah dihuni) 2 lantai siap huni, dengan luas tanah 8x12, luas bangunan 8x8, halaman depan 4 m2 sangat cocok untuk dibuat taman dan lahan parkir kendaraan serta halaman belakang 2 m2. Dilengkapi pula dengan 3 kamar tidur, 3 kamar mandi, sudah bersertifikat SHM. Rumah ini juga memiliki area tamu yg luas, ruang kamar tidur sudah berparkit kayu dan lantai luar juga sudah semi granit. Nilai plus nya lagi, rumah ini dijual berserta segala perabotannya. Lokasi rumah ini sangat strategis karena dekat dengan pusat perbelanjaan Ringroad City Walk, Komplek Perumahan Tasbih 1 dan 2, kawasan kuliner Ringroad dan Setia Budi serta kampus USU. Kondisi sekitar komplek sangat aman dan nyaman. Harga jual Rp. 1,8M masih nego. Info lebih lanjut, hubungi 081265001988"
72,08-04-20221,https://www.rumah123.com/properti/medan/hos8140876/,625000000,Medan,115,75,2,2,0,0,0,0,1300,SHM,Rumah Baru Desaign Mewag Komplek Elit Cluster harmoni 2 unit lagi,"Jl. Kapten Muslim Ujung /Jl. Pringgan /Jl. Karya 4 Helvetia
https://maps.app.goo.gl/ahNEiAPPG4WZvHWb9
HUBUNGI SAYA : YULI 085260022103

PASTINYA WARGA MEDAN SUDAH TIDAK SABAR DENGAN PRODUK RUMAH TERBARU DARI TRIMURNI LAND

Apalagi ni keuntungan emas yang bisa diraih beli rumah Trimurni :
Lokasi Ekstra Setrategis, sesuai dengan area Helvetia yang berkembang pesat.
- Dekat ke Sekolah
- Dekat tempat ibadah
- Dekat Akper dan Akbid
- Dan Masih Banyak Fasilitas tempat umum lainnya..

WARNING : TERHEBOH
Dekat ke perencanaan PINTU TOL MEDAN BINJAI - Jl. Kapten Sumarsono..

Apa ada di Medan Sekarang ini akses ke pusat kota mudah ke kuala namu juga mudah via tol..

Spesifikasi :
Uk. 7 x 15 mtr
Type 75
2 kt
2 km
SHM, IMB
Instalasi Listrik
PDAM

Harga jual Rp. 625.000.000
Dp 20% dari Harga Rumah
135 juta DP Pertama
KPR Kita bantu Sampai Selesai"
73,08-04-2021,https://www.rumah123.com/properti/medan/hos8140760/,400000000,Medan,84,65,2,1,0,0,0,0,1300,SHM,Rumah Baru Siap Huni Jl Jermal 3 Desaign Klasik Modern Lokasi Rumah Jl Jermal 3,"Perumahan GRIYA JERMAL 3 RESIDENCE
Jl. Jermal 3
https://maps.app.goo.gl/JrtXvwsB8YRGHkPv9
Hubungi : YULI 085260022103
Harga 400 juta

Kav C3
uk. 6 x 14 mtr
type 45
Lantai Granit 60 x 60
Rumah Sedang Tahap Finishing

Akses Strategis Banget :
* Rumah Sakit madani
* Irian Supermarket
* Sekolah An Nizam
* Dinas Pertanian Kelautan
* Kampus Politeknik Teknologi Kimia Industri (PTKI)
* Kampus UMSU S2
* Terminal Amplas
* Pajak Sukaramai"
74,08-05-2021,https://www.rumah123.com/properti/medan/hos8139970/,575000000,Medan,105,75,3,2,0,0,0,0,2200,SHM,rumah cantik desain bali di gaperta medan. rumah baru 3 kamar,"Hunian Nuansa Bali di Gaperta Ujung

Cempaka Residence
Jl. Cempaka Gaperta Ujung
Kodya Medan

Kenapa harus di Cempaka Residence
ROW komplek 10 meter
Akses jalan lebar dan Cor Beton
Ukuran rumah dan taman yg nyaman
Dekat Pintu Tol Helvetia
Dekat ke pusat pembelanjaan Mall dan Pasar Tradisional
Dekat ke Ringroad
Nilai investasi yang menguntungkan


Total 26 unit
Sisa 1 unit lagi (Blok A 2 - Depan)

Type 75 (7x15)
KT 3
KM 2

Air PDAM
Listrik 2.200 watt
SHM

Harga 650 juta
Promo cash April 575 juta

Ayoooo buruan cek lokasi
Kalau cocok langsung proses ya"
75,07-04-2021,https://www.rumah123.com/properti/medan/hos8138659/,165000000,Medan,91,91,2,2,0,0,0,0,900,SHM,griya swallow indah,"alamt,Terjun marelan psar 5
komplek griya swallow indah
ukuran:7x13
liatrik:900wt
kmr tdur 2
kmr mndi 2
SHM
Hrga 165, net"
76,07-04-2021,https://www.rumah123.com/properti/medan/hos8136244/,3500000000,Medan,176,440,4,3,0,0,0,0,4400,SHM,RUMAH DI KOMPLEK MUTIARA RESIDENCE BLOK D MEDAN,"KOMPLEK MUTIARA RESIDENCE BLOK D
.
Uk. 8 x 22 m
2,5 Tingkat
4 Kamar Tidur
3 Kamar Mandi
Listrik 4400 watt
Hadap Selatan
SHM
.
Harga : Rp. 3.500.000.000,- / Nego

FOR INFO : 0811 600 1789"
77,07-04-2021,https://www.rumah123.com/properti/medan/hos8136136/,2200000000,Medan,280,320,6,5,0,0,0,0,5500,SHM,RUMAH DI KOMPLEK GRIYA PINANG MAS BLOK A JALAN PINANG BARIS MEDAN,"DAERAH SUNGGAL
KOMPLEK GRIYA PINANG MAS BLOK A - VILLA
JL. PINANG BARIS

LOKASI RUMAH : .
Berada di lokasi yang sangat strategis, di Daerah Sunggal, Komplek Griya Pinang Mas
Banyak dilalui berbagai moda transportasi sehingga akses mudah untuk dicapai kemana saja
Area Bebas Banjir dengan Row jalan yang cukup lebar
AREA SEKITAR : .
Hanya 4 Menit ke RS Bina Kasih
6 Menit ke Manhattan Times Square
7 Menit Ke Ringroad City Walk
8 Menit Ke Focal Point Medan
10 Menit menuju jalan Ringroad .

SPESIFIKASI : .
Luas Tanah : 14 x 20 m
Luas Bangunan : 7 x 16 m
2 Tingkat
Siap Huni
5+1 Kamar Tidur .
5 Kamar Mandi
2 Ruang Gudang
5 Unit AC
Air PAM
Listrik 5.500 Watt .
Hadap Tenggara .
SHM

FASILITAS : .
Security 24 Jam
Single Akses

CARA BAYAR : .HARGA : Rp. 2.200.000.000,- / NEGO.DP 20% : Rp. 440.000.000,-.Tenor :Rp. 34.900.000,- x 60 BulanRp. 20.500.000,- x 120 BulanRp. 19.500.000,- x 180 Bulan.

CASH .
KPR dengan berbagai pilihan Bank .

Please contact our agent for any inquiries : 0811 600 1789"
78,07-04-2021,https://www.rumah123.com/properti/medan/hos8135714/,375000000,Medan,120,50,2,1,0,0,1,0,1300,SHM,Nyaman Banget Rumah Ready dijalan Mentimun 1 Tembung Harga 375 juta,"Saatnya Miliki Rumah dengan Cara yg Mudah dan Harga Yang Terjangkau
PERMATA RIZKY RESIDENCE
Jl. Mentimun 1 Tembung Pasar 5
https://maps.app.goo.gl/uDiEcaz22fk1JyVE8
Hubungi : WIWI 08126409793

Total 15 unit
*Spesifikasi bangunan :
Lantai Granit 60 x 60
Dapur Minimalis
Mini Garden
Carpot Keramik

Type 50 (kav A2 s.d A11)
Harga 375 juta
2 KT, 1 KM
Uk. 6 x 20 ntr (10 Unit)

Lokasi Bagus Pinggir Jalan dan Akses Mudah Kemana Saja
# RSU. MITRA MEDIKA
# Kulinaer Simpang Jodoh
# Irian Supermarket
# Bandara Kualanamu
# Samsat Tembung
# Batang Kuis

Harga Sudah Termasuk
SHM, IMB, PBB Terbaru
LIstrik 1300
Air Bersih

Desaign Dalam Fleksible Cara Pembayara juga Fleksible
- KPR bisa
- Chas Keras bisa
- Chas Bertahap Selama 12 Bulan Bisa

NB. Harga Belum Termasuk
- Jerjak
- Pagar
- Kelebihan tanah
- Penambahan bangunan
- Biaya Pembuatan Swimming Pool"
79,07-04-2021,https://www.rumah123.com/properti/medan/hos8135523/,390000000,Medan,66,45,2,1,0,0,0,0,1300,SHM,RUMAH LOKASI STRATEGIS RINGROAD PASAR 1 TANJUNG SARI,"RUMAH LOKASI STRATEGIS RINGROAD PASAR 1 TANJUNG SARI

CLUSTER JANNATI REGENCY
Jl. Pasar 1, Ringroad Medan

Kelebihannya :
1. TERSEDIA TYPE RUKO BISA USAHA 950JT
2. LOKASI SANGAT STRATEGIS
3. PAS PINGGIR JALAN 4. CASH 390 JUTA
5. AREA PALING DICARI YAITU TANJUNGSARI
6. ROW 8 METER BISA SELISIH MOBIL
7. PAS PINGIR JALAN PASAR 1 TIDAK MASUK GANG LAGI
8. ADA JALUR BUS MINI KE BERASTAGI LANGSUNG

Lokasi Strategis :
1. DEKAT RCW, MANHATTAN, CARREFOUR
2. DEKAT SEKOLAH KAMPUS USU SMP DAN SMA NEGERI
3. DEKAT SEGALA MALL ATM, PUSAT BELANJA, SPBU

100% Kualitas DIJAMIN (buy back guaranty)
Pengerjaan RAPI
Desain Suka - Suka
Cara Bayar
KPR Bank
Cash Keras
Cash Bertahap 6 bulan
Bayar Saat Jadi"
80,07-04-2021,https://www.rumah123.com/properti/medan/hos8135339/,6250000000,Medan,600,400,7,5,0,0,4,0,2200,SHM,"Rumah 7 Kamar Tidur di Jl Sei Serayu, Medan","Dijual rumah di Jl Sei Serayu, Medan

LT 600m
LB 400m

7 KT
5 KM

Carport 4 mobil
SHM

Lokasi strategis, cocok untuk usaha!

Harga 6,250M (nego)

Jane JnP
0818 0984 0138
www.jnp.asia"
81,04-04-2021,https://www.rumah123.com/properti/medan/hos8121113/,1050000000,Medan,96,96,3,3,0,0,0,0,2200,SHM,Ready Stok Hunian Mewah,*PROMO TAHUN BARU BELI RUMAH GRATIS BIAYA*
82,30-03-2021,https://www.rumah123.com/properti/medan/hos8100223/,750000000,Medan,162,50,2,1,0,0,0,0,1300,SHM,Rumah Setia Budi Tanjung Sari Ringroad,RUMAH TANAH LUAS DI SETIA BUDI TANJUNG SARI RINGROAD Gg. PRIBADI CLUSTER JANNATI LAND
83,30-03-2021,https://www.rumah123.com/properti/medan/hos8100190/,425000000,Medan,78,50,2,1,0,0,0,0,1300,SHM,RUMAH PADANG BULAN NGUMBAN SURBAKTI SETIA BUDI RINGROAD,Mewujudkan Impian Anda : JANNATI GARDEN
84,30-03-2021,https://www.rumah123.com/properti/medan/hos8100164/,2500000000,Medan,542,150,3,2,0,0,0,0,2200,SHM,rumah classic jarang ada di lingkar stadion teladan luas 542m SHM,"Medan LT 542m,

Dijual Harga Menarik
dekat ke jalan SM Raja
strategis ke Kualanamu dan tol
"
85,29-03-2021,https://www.rumah123.com/properti/medan/hos8094839/,250000000,Medan,90,90,3,1,0,0,0,0,1300,SHM,Hunian eksklusif Hanya satu unit,"Hunian Eksklusif Hanya Satu Unit, Lokasi Komplek Graha Deli Permai, Blok C, Jl. Tani Bersaudara / Sidodadi Ujung, Kawasan Johor"
86,29-03-2021,https://www.rumah123.com/properti/medan/hos8093742/,321800000,Medan,78,45,2,1,0,0,0,0,1300,SHM,rumah murrah...murrah...daerah setia budi free biaya surat dan bonus perabot,"Promo Akhir Maret pasang paving blok*

*1 APRIL HARGA NAIK*

Tanda syukur atas dimulainya pemasangan paving blok di Perumahan District M.

khusus 3 (Trio) unit blok : *C7, C9, dan C11*."
87,29-03-2021,https://www.rumah123.com/properti/medan/hos8093625/,725000000,Medan,72,48,3,2,0,0,0,0,2200,SHM,rumah komplek the santa fe,"DIJUAL RUMAH KOMP. THE SANTA FE - SUNGGAL
JL. PDAM TIRTANADI"
88,29-03-2021,https://www.rumah123.com/properti/medan/hos8091466/,210000000,Medan,84,40,2,1,0,0,0,0,1300,SHM,"rumah br lounching,bisa request denah dalam ,daerah padat penduduk hy 210jt kes 6 bulan","*KAWASAN JOHOR* adalah kawasan yang banyak di cari orang-orang sebagai tempat tinggal yang baik di masa depan, tapi sayang harga rumah di johor sudah sangat menjulang tinggi ...tidak ada pilihan"
89,29-03-2021,https://www.rumah123.com/properti/medan/hos8090990/,1200000000,Medan,162,117,4,3,0,0,0,0,2200,SHM,"rumah cantik,mewah,siap huni,daerah tjg sari","Rumah di jual (1,5 lantai).
Komp. Puri tanjungsari 1 medan."
90,28-03-2021,https://www.rumah123.com/properti/medan/hos8089535/,670000000,Medan,120,200,3,3,0,0,0,0,1300,SHM,Perumahan strategis di johor 2 lantai row jalan 9 meter lebar tanah 8m,Perumahan strategis di johor eka surya Johor UK tanah besar 8x20
91,27-03-2021,https://www.rumah123.com/properti/medan/hos8089034/,950000000,Medan,253,300,3,2,0,0,1,0,2200,SHM,rumah bagus eka rasmi murah,Dijual Jln. Eka suka Gedung Johor
92,27-03-2021,https://www.rumah123.com/properti/medan/hos8089033/,1100000000,Medan,180,250,3,2,0,0,0,0,2200,SHM,rumah luas cantik resik menteng,Dijual rumah Perumahan menteng
93,27-03-2021,https://www.rumah123.com/properti/medan/hos8089032/,6500000000,Medan,500,700,6,6,0,0,0,0,3300,SHM,rumah tasbi 1 2 lantai sudut cantik asri,"Hub opi hp/wa 081370710493

Dijual rumah modern"
94,27-03-2021,https://www.rumah123.com/properti/medan/hos8089029/,357500000,Medan,105,60,3,2,0,0,0,0,1300,SHM,rumah baru cantik murah karya 2 mesjid sumarsono,"Pilihan terbaik untuk para milenial NEW LAUNCHING Seekocik:

persembahan terbaru dari *SEEKOCIK* :

*THE TWINTY ONE*

Lokasi : jl MASJID / SUMARSONO HELVETIA

Rumah dengan lingkungan yang nyaman & lokasi strategis dekat dengan pintu toll"
95,27-03-2021,https://www.rumah123.com/properti/medan/hos8089027/,1100000000,Medan,190,300,3,2,0,0,0,0,2200,SHM,rumah luas ekawarni halaman belakang masi ada murah,"Dijual rumah di ekawarni
Full perabot"
96,27-03-2021,https://www.rumah123.com/properti/medan/hos8089026/,1200000000,Medan,114,300,4,3,0,0,0,0,2200,SHM,rumah cantik luas 2 lantai murah pinggir jalan,"Hub opi hp/wa 081370710493

Dijual rumah di perumahan jalan merpati"
97,27-03-2021,https://www.rumah123.com/properti/medan/hos8088975/,1200000000,Medan,351,351,3,4,0,0,0,0,2200,SHM,komplek permai tanjung gusta,"Komplex Tanjung Permai Tanjung Gusta, Kota Medan, Sumatera Utara

Dijual satu unit Rumah Mewah dua lantai dengan 3 kamar tidur, 4 kamar mandi, Halaman dan Garasi Luas,Ukuran tanah 351M"" SHM, Rp 1,2Milyar dengan jarak Tiga menit dari pintu TOL helvetia dan tiga menit dari perkantoran lapas dan rutan, Akses jalan baik dan lancar,. Seluruh kusen menggunakan Kayu merbau dan dan Meranti kwalitas terbaik

minat :
wa.me//6282274827652"
98,27-03-2021,https://www.rumah123.com/properti/medan/hos8088761/,350000000,Medan,84,84,2,1,0,0,0,0,1300,SHM,The CLUSTER GDP Johor,"*KAWASAN JOHOR* adalah kawasan yang banyak di cari orang-orang sebagai tempat tinggal yang baik di masa depan, tapi sayang harga rumah di johor sudah sangat menjulang tinggi ...tidak ada pilihan"
99,27-03-2021,https://www.rumah123.com/properti/medan/hos8087557/,650000000,Medan,48,110,2,2,0,0,0,0,1300,SHM,RUMAH DENGAN KONDISI SIAP HUNI,DIJUAL RUMAH DI JALAN BRIGJEN KATAMSO KOMPLEK KOPEL INDAH
100,27-03-2021,https://www.rumah123.com/properti/medan/hos8086182/,358000000,Medan,60,60,2,2,0,0,0,0,2200,SHM,Perumahan Cantik Mewah dan Nyaman Salsabila Town House,"*Salsabila Town House*
Jln Stasiun Kampung Lalang
https://maps.app.goo.gl/b9ZDenRiKG9Qzu8E8


*Rumah minimalis 2 lantai dengan konsep townhouse, berada dilokasi strategis dekat pusat kota medan*"